{
  "inheritsFrom": "1.20.4",
  "id": "fabric-loader-0.15.3-1.20.4",
  "time": "2024-03-29T18:03:17+01:00",
  "releaseTime": "2024-03-29T18:03:17+01:00",
  "type": "release",
  "libraries": [
    {
      "name": "org.ow2.asm:asm:9.6",
      "ext": "jar",
      "url": "https://maven.fabricmc.net/"
    },
    {
      "name": "org.ow2.asm:asm-analysis:9.6",
      "ext": "jar",
      "url": "https://maven.fabricmc.net/"
    },
    {
      "name": "org.ow2.asm:asm-commons:9.6",
      "ext": "jar",
      "url": "https://maven.fabricmc.net/"
    },
    {
      "name": "org.ow2.asm:asm-tree:9.6",
      "ext": "jar",
      "url": "https://maven.fabricmc.net/"
    },
    {
      "name": "org.ow2.asm:asm-util:9.6",
      "ext": "jar",
      "url": "https://maven.fabricmc.net/"
    },
    {
      "name": "net.fabricmc:sponge-mixin:0.12.5+mixin.0.8.5",
      "ext": "jar",
      "url": "https://maven.fabricmc.net/"
    },
    {
      "name": "net.fabricmc:intermediary:1.20.4",
      "ext": "jar",
      "url": "https://maven.fabricmc.net/"
    },
    {
      "name": "net.fabricmc:fabric-loader:0.15.3",
      "ext": "jar",
      "url": "https://maven.fabricmc.net/"
    }
  ],
  "mainClass": "net.fabricmc.loader.impl.launch.knot.KnotClient",
  "minimumLauncherVersion": 0,
  "downloads": {},
  "arguments": {
    "game": [],
    "jvm": [
      "-DFabricMcEmu= net.minecraft.client.main.Main "
    ]
  }
}